2025-04-23 14:20:58,cj,✅ Logged In,
2025-04-23 14:49:32,cj,✅ Logged In,
2025-04-23 14:57:20,cj,✅ Logged In,
2025-04-23 15:01:03,cj,✅ Logged In,
2025-04-23 15:02:07,cj,✅ Logged In,
2025-04-23 15:28:34,cj,✅ Logged In,
2025-04-23 15:36:43,cj,✅ Logged In,
2025-04-23 15:56:55,cj,✅ Logged In,
2025-04-23 15:57:42,cj,✅ Logged In,
2025-04-23 16:05:18,cj,✅ Logged In,
2025-04-23 16:14:43,cj,✅ Logged In,
2025-04-23 16:24:29,cj,✅ Logged In,
2025-04-23 16:30:44,cj,✅ Logged In,
2025-04-24 07:08:13,cj,✅ Logged In,
2025-04-24 07:08:19,cj,✅ Logged In,
2025-04-24 07:12:18,cj,✅ Logged In,
2025-04-24 08:18:33,cj,✅ Logged In,
2025-04-24 08:33:37,cj,✅ Logged In,
2025-04-25 09:44:25,cj,✅ Logged In,
2025-04-25 09:51:14,cj,✅ Logged In,
2025-04-25 09:58:30,cj,✅ Logged In,
2025-04-25 10:39:53,cj,✅ Logged In,
2025-04-25 10:50:26,cj,✅ Logged In,
